Email,Probability
MegsYcSAx@upr.edu,Probably in the DB
nZmUxyLIJJdHasBLtZfl@aol.com,Probably in the DB
kXbSRqAnJlpnOaTVQ@yahoo.com,Probably in the DB
pCFEgwxJVEZId@upr.edu,Probably in the DB
rIsnYXINfVvJ@yahoo.com,Probably in the DB
ltDONLRMOmgUpL@upr.edu,Probably in the DB
JEIKMQysFPCEGnFwifJ@aol.com,Probably in the DB
WbEnTklljwdrsjHZdNW@gmail.com,Probably in the DB
aVcddGCCtsoSocxKjM@hotmail.com,Probably in the DB
XVsmXDybraJ@aol.com,Probably in the DB
eRhqOeYGinxGEta@hotmail.com,Probably in the DB
nJDonAge@yahoo.com,Probably in the DB
ZZCfycGsCrFq@yahoo.com,Probably in the DB
RNjLKhhNEFQ@yahoo.com,Probably in the DB
VhkdcbBmecMVQhRv@yahoo.com,Probably in the DB
cbQhwZWBkxOAnT@gmail.com,Probably in the DB
DUOhHTQhkcvlFwo@upr.edu,Probably in the DB
TYHYNbXzoCFTZjhnvb@aol.com,Probably in the DB
oGovMcmShPq@hotmail.com,Probably in the DB
XVcChxpWGNsKHqQnSE@upr.edu,Probably in the DB
MGegZQFDEMedmiFuJG@gmail.com,Probably in the DB
eCIqYVubxwzuRmzt@hotmail.com,Probably in the DB
ATcXNpDHLGfVlRwMSj@yahoo.com,Probably in the DB
hOvtPifSQp@upr.edu,Probably in the DB
vDoMxIqxVewTFt@hotmail.com,Probably in the DB
tIIjfOrXxovBwDKqqj@upr.edu,Probably in the DB
AggUDUqAtNp@upr.edu,Probably in the DB
lZlLMVMDSfHj@aol.com,Probably in the DB
EWbGHMxar@aol.com,Probably in the DB
MokVUPnSkC@upr.edu,Probably in the DB
fUzGTyTtro@upr.edu,Probably in the DB
EGGSPthjSc@yahoo.com,Probably in the DB
hgGBLWOcNyLJ@hotmail.com,Probably in the DB
LoFEOFgOXPQ@hotmail.com,Probably in the DB
kDnNeYAEQJ@aol.com,Probably in the DB
ouUJhtLGKZXeodNsiPH@aol.com,Probably in the DB
KIuudUPfMi@yahoo.com,Probably in the DB
DJwaUHUSirffJvnm@gmail.com,Probably in the DB
NvQwpCkGBaJdlX@gmail.com,Probably in the DB
uqjMnPURVXBmbtHrrKl@hotmail.com,Probably in the DB
LkAsdLKKdtY@yahoo.com,Probably in the DB
ZBcMVSaKktjiwWCl@upr.edu,Probably in the DB
BvpCMPkSwyP@yahoo.com,Probably in the DB
BmReGwPshTF@hotmail.com,Probably in the DB
RfqKNnrwJ@gmail.com,Probably in the DB
rrwjEagYEq@hotmail.com,Probably in the DB
JoBWZMDHhuB@aol.com,Probably in the DB
BZOtmaiSIncnEbEAh@upr.edu,Probably in the DB
fbhDmNPZr@aol.com,Probably in the DB
HLjEBMLIjDg@hotmail.com,Probably in the DB
lkdajflkdsjfoiwjojfjfajdfis,Not in the DB
asjfasjfowjejfjdoisjfsdaoifj,Not in the DB
sdajflksdjfoiweoijoisdjoijfi,Not in the DB
dslkfjsadkfjoisdajfoidasjfoidsajf,Not in the DB
flkadjfoijoiewjoijoiajodjsa,Not in the DB
fasoijfoidjfoiajoijfoidsjf,Not in the DB
sadjfoidsjofijdoijoifdjoidsj,Not in the DB
fsdofjoisajfoisajfoiajiodsjf,Not in the DB
fadsoifjdsoifjoisdajfoidsajf,Not in the DB
fsoidjfoidsajfoiajoiejsd,Not in the DB
drain,Not in the DB
